original_11;recoded_11
borough_year;borough_year
borough;borough
year;year
CDU_ID;CDU_ID
GEO_CODE;GEO_CODE
GEO_LABEL;GEO_LABEL
GEO_TYPE;GEO_TYPE
GEO_TYP2;GEO_TYP2
"Age : Age 16 and over - Ethnic group [E][S][W] : White\ English/Welsh/Scottish/Northern Irish/British - NS-SeC (National Statistics Socio-economic Classification) : 1. Higher managerial; administrative and professional occupations - Sex : Total\ Sex - Unit : Persons";white_ewsnib_sc1
"Age : Age 16 and over - Ethnic group [E][S][W] : White\ English/Welsh/Scottish/Northern Irish/British - NS-SeC (National Statistics Socio-economic Classification) : 2. Lower managerial; administrative and professional occupations - Sex : Total\ Sex - Unit : Persons";white_ewsnib_sc2
Age : Age 16 and over - Ethnic group [E][S][W] : White\ English/Welsh/Scottish/Northern Irish/British - NS-SeC (National Statistics Socio-economic Classification) : 3. Intermediate occupations - Sex : Total\ Sex - Unit : Persons;white_ewsnib_sc3
Age : Age 16 and over - Ethnic group [E][S][W] : White\ English/Welsh/Scottish/Northern Irish/British - NS-SeC (National Statistics Socio-economic Classification) : 4. Small employers and own account workers - Sex : Total\ Sex - Unit : Persons;white_ewsnib_sc4
Age : Age 16 and over - Ethnic group [E][S][W] : White\ English/Welsh/Scottish/Northern Irish/British - NS-SeC (National Statistics Socio-economic Classification) : 5. Lower supervisory and technical occupations - Sex : Total\ Sex - Unit : Persons;white_ewsnib_sc5
Age : Age 16 and over - Ethnic group [E][S][W] : White\ English/Welsh/Scottish/Northern Irish/British - NS-SeC (National Statistics Socio-economic Classification) : 6. Semi-routine occupations - Sex : Total\ Sex - Unit : Persons;white_ewsnib_sc6
Age : Age 16 and over - Ethnic group [E][S][W] : White\ English/Welsh/Scottish/Northern Irish/British - NS-SeC (National Statistics Socio-economic Classification) : 7. Routine occupations - Sex : Total\ Sex - Unit : Persons;white_ewsnib_sc7
"Age : Age 16 and over - Ethnic group [E][S][W] : White\ Irish - NS-SeC (National Statistics Socio-economic Classification) : 1. Higher managerial; administrative and professional occupations - Sex : Total\ Sex - Unit : Persons";white_irish_sc1
"Age : Age 16 and over - Ethnic group [E][S][W] : White\ Irish - NS-SeC (National Statistics Socio-economic Classification) : 2. Lower managerial; administrative and professional occupations - Sex : Total\ Sex - Unit : Persons";white_irish_sc2
Age : Age 16 and over - Ethnic group [E][S][W] : White\ Irish - NS-SeC (National Statistics Socio-economic Classification) : 3. Intermediate occupations - Sex : Total\ Sex - Unit : Persons;white_irish_sc3
Age : Age 16 and over - Ethnic group [E][S][W] : White\ Irish - NS-SeC (National Statistics Socio-economic Classification) : 4. Small employers and own account workers - Sex : Total\ Sex - Unit : Persons;white_irish_sc4
Age : Age 16 and over - Ethnic group [E][S][W] : White\ Irish - NS-SeC (National Statistics Socio-economic Classification) : 5. Lower supervisory and technical occupations - Sex : Total\ Sex - Unit : Persons;white_irish_sc5
Age : Age 16 and over - Ethnic group [E][S][W] : White\ Irish - NS-SeC (National Statistics Socio-economic Classification) : 6. Semi-routine occupations - Sex : Total\ Sex - Unit : Persons;white_irish_sc6
Age : Age 16 and over - Ethnic group [E][S][W] : White\ Irish - NS-SeC (National Statistics Socio-economic Classification) : 7. Routine occupations - Sex : Total\ Sex - Unit : Persons;white_irish_sc7
"Age : Age 16 and over - Ethnic group [E][S][W] : White\ Gypsy or Irish Traveller - NS-SeC (National Statistics Socio-economic Classification) : 1. Higher managerial; administrative and professional occupations - Sex : Total\ Sex - Unit : Persons";white_gypsy_sc1
"Age : Age 16 and over - Ethnic group [E][S][W] : White\ Gypsy or Irish Traveller - NS-SeC (National Statistics Socio-economic Classification) : 2. Lower managerial; administrative and professional occupations - Sex : Total\ Sex - Unit : Persons";white_gypsy_sc2
Age : Age 16 and over - Ethnic group [E][S][W] : White\ Gypsy or Irish Traveller - NS-SeC (National Statistics Socio-economic Classification) : 3. Intermediate occupations - Sex : Total\ Sex - Unit : Persons;white_gypsy_sc3
Age : Age 16 and over - Ethnic group [E][S][W] : White\ Gypsy or Irish Traveller - NS-SeC (National Statistics Socio-economic Classification) : 4. Small employers and own account workers - Sex : Total\ Sex - Unit : Persons;white_gypsy_sc4
Age : Age 16 and over - Ethnic group [E][S][W] : White\ Gypsy or Irish Traveller - NS-SeC (National Statistics Socio-economic Classification) : 5. Lower supervisory and technical occupations - Sex : Total\ Sex - Unit : Persons;white_gypsy_sc5
Age : Age 16 and over - Ethnic group [E][S][W] : White\ Gypsy or Irish Traveller - NS-SeC (National Statistics Socio-economic Classification) : 6. Semi-routine occupations - Sex : Total\ Sex - Unit : Persons;white_gypsy_sc6
Age : Age 16 and over - Ethnic group [E][S][W] : White\ Gypsy or Irish Traveller - NS-SeC (National Statistics Socio-economic Classification) : 7. Routine occupations - Sex : Total\ Sex - Unit : Persons;white_gypsy_sc7
"Age : Age 16 and over - Ethnic group [E][S][W] : White\ Other White - NS-SeC (National Statistics Socio-economic Classification) : 1. Higher managerial; administrative and professional occupations - Sex : Total\ Sex - Unit : Persons";white_other_sc1
"Age : Age 16 and over - Ethnic group [E][S][W] : White\ Other White - NS-SeC (National Statistics Socio-economic Classification) : 2. Lower managerial; administrative and professional occupations - Sex : Total\ Sex - Unit : Persons";white_other_sc2
Age : Age 16 and over - Ethnic group [E][S][W] : White\ Other White - NS-SeC (National Statistics Socio-economic Classification) : 3. Intermediate occupations - Sex : Total\ Sex - Unit : Persons;white_other_sc3
Age : Age 16 and over - Ethnic group [E][S][W] : White\ Other White - NS-SeC (National Statistics Socio-economic Classification) : 4. Small employers and own account workers - Sex : Total\ Sex - Unit : Persons;white_other_sc4
Age : Age 16 and over - Ethnic group [E][S][W] : White\ Other White - NS-SeC (National Statistics Socio-economic Classification) : 5. Lower supervisory and technical occupations - Sex : Total\ Sex - Unit : Persons;white_other_sc5
Age : Age 16 and over - Ethnic group [E][S][W] : White\ Other White - NS-SeC (National Statistics Socio-economic Classification) : 6. Semi-routine occupations - Sex : Total\ Sex - Unit : Persons;white_other_sc6
Age : Age 16 and over - Ethnic group [E][S][W] : White\ Other White - NS-SeC (National Statistics Socio-economic Classification) : 7. Routine occupations - Sex : Total\ Sex - Unit : Persons;white_other_sc7
"Age : Age 16 and over - Ethnic group [E][S][W] : Mixed/multiple ethnic group\ White and Black Caribbean - NS-SeC (National Statistics Socio-economic Classification) : 1. Higher managerial; administrative and professional occupations - Sex : Total\ Sex - Unit : Persons";mixed_whiteblcarribean_sc1
"Age : Age 16 and over - Ethnic group [E][S][W] : Mixed/multiple ethnic group\ White and Black Caribbean - NS-SeC (National Statistics Socio-economic Classification) : 2. Lower managerial; administrative and professional occupations - Sex : Total\ Sex - Unit : Persons";mixed_whiteblcarribean_sc2
Age : Age 16 and over - Ethnic group [E][S][W] : Mixed/multiple ethnic group\ White and Black Caribbean - NS-SeC (National Statistics Socio-economic Classification) : 3. Intermediate occupations - Sex : Total\ Sex - Unit : Persons;mixed_whiteblcarribean_sc3
Age : Age 16 and over - Ethnic group [E][S][W] : Mixed/multiple ethnic group\ White and Black Caribbean - NS-SeC (National Statistics Socio-economic Classification) : 4. Small employers and own account workers - Sex : Total\ Sex - Unit : Persons;mixed_whiteblcarribean_sc4
Age : Age 16 and over - Ethnic group [E][S][W] : Mixed/multiple ethnic group\ White and Black Caribbean - NS-SeC (National Statistics Socio-economic Classification) : 5. Lower supervisory and technical occupations - Sex : Total\ Sex - Unit : Persons;mixed_whiteblcarribean_sc5
Age : Age 16 and over - Ethnic group [E][S][W] : Mixed/multiple ethnic group\ White and Black Caribbean - NS-SeC (National Statistics Socio-economic Classification) : 6. Semi-routine occupations - Sex : Total\ Sex - Unit : Persons;mixed_whiteblcarribean_sc6
Age : Age 16 and over - Ethnic group [E][S][W] : Mixed/multiple ethnic group\ White and Black Caribbean - NS-SeC (National Statistics Socio-economic Classification) : 7. Routine occupations - Sex : Total\ Sex - Unit : Persons;mixed_whiteblcarribean_sc7
"Age : Age 16 and over - Ethnic group [E][S][W] : Mixed/multiple ethnic group\ White and Black African - NS-SeC (National Statistics Socio-economic Classification) : 1. Higher managerial; administrative and professional occupations - Sex : Total\ Sex - Unit : Persons";mixed_whiteblafrican_sc1
"Age : Age 16 and over - Ethnic group [E][S][W] : Mixed/multiple ethnic group\ White and Black African - NS-SeC (National Statistics Socio-economic Classification) : 2. Lower managerial; administrative and professional occupations - Sex : Total\ Sex - Unit : Persons";mixed_whiteblafrican_sc2
Age : Age 16 and over - Ethnic group [E][S][W] : Mixed/multiple ethnic group\ White and Black African - NS-SeC (National Statistics Socio-economic Classification) : 3. Intermediate occupations - Sex : Total\ Sex - Unit : Persons;mixed_whiteblafrican_sc3
Age : Age 16 and over - Ethnic group [E][S][W] : Mixed/multiple ethnic group\ White and Black African - NS-SeC (National Statistics Socio-economic Classification) : 4. Small employers and own account workers - Sex : Total\ Sex - Unit : Persons;mixed_whiteblafrican_sc4
Age : Age 16 and over - Ethnic group [E][S][W] : Mixed/multiple ethnic group\ White and Black African - NS-SeC (National Statistics Socio-economic Classification) : 5. Lower supervisory and technical occupations - Sex : Total\ Sex - Unit : Persons;mixed_whiteblafrican_sc5
Age : Age 16 and over - Ethnic group [E][S][W] : Mixed/multiple ethnic group\ White and Black African - NS-SeC (National Statistics Socio-economic Classification) : 6. Semi-routine occupations - Sex : Total\ Sex - Unit : Persons;mixed_whiteblafrican_sc6
Age : Age 16 and over - Ethnic group [E][S][W] : Mixed/multiple ethnic group\ White and Black African - NS-SeC (National Statistics Socio-economic Classification) : 7. Routine occupations - Sex : Total\ Sex - Unit : Persons;mixed_whiteblafrican_sc7
"Age : Age 16 and over - Ethnic group [E][S][W] : Mixed/multiple ethnic group\ White and Asian - NS-SeC (National Statistics Socio-economic Classification) : 1. Higher managerial; administrative and professional occupations - Sex : Total\ Sex - Unit : Persons";mixed_whiteasian_sc1
"Age : Age 16 and over - Ethnic group [E][S][W] : Mixed/multiple ethnic group\ White and Asian - NS-SeC (National Statistics Socio-economic Classification) : 2. Lower managerial; administrative and professional occupations - Sex : Total\ Sex - Unit : Persons";mixed_whiteasian_sc2
Age : Age 16 and over - Ethnic group [E][S][W] : Mixed/multiple ethnic group\ White and Asian - NS-SeC (National Statistics Socio-economic Classification) : 3. Intermediate occupations - Sex : Total\ Sex - Unit : Persons;mixed_whiteasian_sc3
Age : Age 16 and over - Ethnic group [E][S][W] : Mixed/multiple ethnic group\ White and Asian - NS-SeC (National Statistics Socio-economic Classification) : 4. Small employers and own account workers - Sex : Total\ Sex - Unit : Persons;mixed_whiteasian_sc4
Age : Age 16 and over - Ethnic group [E][S][W] : Mixed/multiple ethnic group\ White and Asian - NS-SeC (National Statistics Socio-economic Classification) : 5. Lower supervisory and technical occupations - Sex : Total\ Sex - Unit : Persons;mixed_whiteasian_sc5
Age : Age 16 and over - Ethnic group [E][S][W] : Mixed/multiple ethnic group\ White and Asian - NS-SeC (National Statistics Socio-economic Classification) : 6. Semi-routine occupations - Sex : Total\ Sex - Unit : Persons;mixed_whiteasian_sc6
Age : Age 16 and over - Ethnic group [E][S][W] : Mixed/multiple ethnic group\ White and Asian - NS-SeC (National Statistics Socio-economic Classification) : 7. Routine occupations - Sex : Total\ Sex - Unit : Persons;mixed_whiteasian_sc7
"Age : Age 16 and over - Ethnic group [E][S][W] : Mixed/multiple ethnic group\ Other Mixed - NS-SeC (National Statistics Socio-economic Classification) : 1. Higher managerial; administrative and professional occupations - Sex : Total\ Sex - Unit : Persons";mixed_other_sc1
"Age : Age 16 and over - Ethnic group [E][S][W] : Mixed/multiple ethnic group\ Other Mixed - NS-SeC (National Statistics Socio-economic Classification) : 2. Lower managerial; administrative and professional occupations - Sex : Total\ Sex - Unit : Persons";mixed_other_sc2
Age : Age 16 and over - Ethnic group [E][S][W] : Mixed/multiple ethnic group\ Other Mixed - NS-SeC (National Statistics Socio-economic Classification) : 3. Intermediate occupations - Sex : Total\ Sex - Unit : Persons;mixed_other_sc3
Age : Age 16 and over - Ethnic group [E][S][W] : Mixed/multiple ethnic group\ Other Mixed - NS-SeC (National Statistics Socio-economic Classification) : 4. Small employers and own account workers - Sex : Total\ Sex - Unit : Persons;mixed_other_sc4
Age : Age 16 and over - Ethnic group [E][S][W] : Mixed/multiple ethnic group\ Other Mixed - NS-SeC (National Statistics Socio-economic Classification) : 5. Lower supervisory and technical occupations - Sex : Total\ Sex - Unit : Persons;mixed_other_sc5
Age : Age 16 and over - Ethnic group [E][S][W] : Mixed/multiple ethnic group\ Other Mixed - NS-SeC (National Statistics Socio-economic Classification) : 6. Semi-routine occupations - Sex : Total\ Sex - Unit : Persons;mixed_other_sc6
Age : Age 16 and over - Ethnic group [E][S][W] : Mixed/multiple ethnic group\ Other Mixed - NS-SeC (National Statistics Socio-economic Classification) : 7. Routine occupations - Sex : Total\ Sex - Unit : Persons;mixed_other_sc7
"Age : Age 16 and over - Ethnic group [E][S][W] : Asian/Asian British\ Indian - NS-SeC (National Statistics Socio-economic Classification) : 1. Higher managerial; administrative and professional occupations - Sex : Total\ Sex - Unit : Persons";asian_indian_sc1
"Age : Age 16 and over - Ethnic group [E][S][W] : Asian/Asian British\ Indian - NS-SeC (National Statistics Socio-economic Classification) : 2. Lower managerial; administrative and professional occupations - Sex : Total\ Sex - Unit : Persons";asian_indian_sc2
Age : Age 16 and over - Ethnic group [E][S][W] : Asian/Asian British\ Indian - NS-SeC (National Statistics Socio-economic Classification) : 3. Intermediate occupations - Sex : Total\ Sex - Unit : Persons;asian_indian_sc3
Age : Age 16 and over - Ethnic group [E][S][W] : Asian/Asian British\ Indian - NS-SeC (National Statistics Socio-economic Classification) : 4. Small employers and own account workers - Sex : Total\ Sex - Unit : Persons;asian_indian_sc4
Age : Age 16 and over - Ethnic group [E][S][W] : Asian/Asian British\ Indian - NS-SeC (National Statistics Socio-economic Classification) : 5. Lower supervisory and technical occupations - Sex : Total\ Sex - Unit : Persons;asian_indian_sc5
Age : Age 16 and over - Ethnic group [E][S][W] : Asian/Asian British\ Indian - NS-SeC (National Statistics Socio-economic Classification) : 6. Semi-routine occupations - Sex : Total\ Sex - Unit : Persons;asian_indian_sc6
Age : Age 16 and over - Ethnic group [E][S][W] : Asian/Asian British\ Indian - NS-SeC (National Statistics Socio-economic Classification) : 7. Routine occupations - Sex : Total\ Sex - Unit : Persons;asian_indian_sc7
"Age : Age 16 and over - Ethnic group [E][S][W] : Asian/Asian British\ Pakistani - NS-SeC (National Statistics Socio-economic Classification) : 1. Higher managerial; administrative and professional occupations - Sex : Total\ Sex - Unit : Persons";asian_pakistani_sc1
"Age : Age 16 and over - Ethnic group [E][S][W] : Asian/Asian British\ Pakistani - NS-SeC (National Statistics Socio-economic Classification) : 2. Lower managerial; administrative and professional occupations - Sex : Total\ Sex - Unit : Persons";asian_pakistani_sc2
Age : Age 16 and over - Ethnic group [E][S][W] : Asian/Asian British\ Pakistani - NS-SeC (National Statistics Socio-economic Classification) : 3. Intermediate occupations - Sex : Total\ Sex - Unit : Persons;asian_pakistani_sc3
Age : Age 16 and over - Ethnic group [E][S][W] : Asian/Asian British\ Pakistani - NS-SeC (National Statistics Socio-economic Classification) : 4. Small employers and own account workers - Sex : Total\ Sex - Unit : Persons;asian_pakistani_sc4
Age : Age 16 and over - Ethnic group [E][S][W] : Asian/Asian British\ Pakistani - NS-SeC (National Statistics Socio-economic Classification) : 5. Lower supervisory and technical occupations - Sex : Total\ Sex - Unit : Persons;asian_pakistani_sc5
Age : Age 16 and over - Ethnic group [E][S][W] : Asian/Asian British\ Pakistani - NS-SeC (National Statistics Socio-economic Classification) : 6. Semi-routine occupations - Sex : Total\ Sex - Unit : Persons;asian_pakistani_sc6
Age : Age 16 and over - Ethnic group [E][S][W] : Asian/Asian British\ Pakistani - NS-SeC (National Statistics Socio-economic Classification) : 7. Routine occupations - Sex : Total\ Sex - Unit : Persons;asian_pakistani_sc7
"Age : Age 16 and over - Ethnic group [E][S][W] : Asian/Asian British\ Bangladeshi - NS-SeC (National Statistics Socio-economic Classification) : 1. Higher managerial; administrative and professional occupations - Sex : Total\ Sex - Unit : Persons";asian_bangladeshi_sc1
"Age : Age 16 and over - Ethnic group [E][S][W] : Asian/Asian British\ Bangladeshi - NS-SeC (National Statistics Socio-economic Classification) : 2. Lower managerial; administrative and professional occupations - Sex : Total\ Sex - Unit : Persons";asian_bangladeshi_sc2
Age : Age 16 and over - Ethnic group [E][S][W] : Asian/Asian British\ Bangladeshi - NS-SeC (National Statistics Socio-economic Classification) : 3. Intermediate occupations - Sex : Total\ Sex - Unit : Persons;asian_bangladeshi_sc3
Age : Age 16 and over - Ethnic group [E][S][W] : Asian/Asian British\ Bangladeshi - NS-SeC (National Statistics Socio-economic Classification) : 4. Small employers and own account workers - Sex : Total\ Sex - Unit : Persons;asian_bangladeshi_sc4
Age : Age 16 and over - Ethnic group [E][S][W] : Asian/Asian British\ Bangladeshi - NS-SeC (National Statistics Socio-economic Classification) : 5. Lower supervisory and technical occupations - Sex : Total\ Sex - Unit : Persons;asian_bangladeshi_sc5
Age : Age 16 and over - Ethnic group [E][S][W] : Asian/Asian British\ Bangladeshi - NS-SeC (National Statistics Socio-economic Classification) : 6. Semi-routine occupations - Sex : Total\ Sex - Unit : Persons;asian_bangladeshi_sc6
Age : Age 16 and over - Ethnic group [E][S][W] : Asian/Asian British\ Bangladeshi - NS-SeC (National Statistics Socio-economic Classification) : 7. Routine occupations - Sex : Total\ Sex - Unit : Persons;asian_bangladeshi_sc7
"Age : Age 16 and over - Ethnic group [E][S][W] : Asian/Asian British\ Chinese - NS-SeC (National Statistics Socio-economic Classification) : 1. Higher managerial; administrative and professional occupations - Sex : Total\ Sex - Unit : Persons";asian_chinese_sc1
"Age : Age 16 and over - Ethnic group [E][S][W] : Asian/Asian British\ Chinese - NS-SeC (National Statistics Socio-economic Classification) : 2. Lower managerial; administrative and professional occupations - Sex : Total\ Sex - Unit : Persons";asian_chinese_sc2
Age : Age 16 and over - Ethnic group [E][S][W] : Asian/Asian British\ Chinese - NS-SeC (National Statistics Socio-economic Classification) : 3. Intermediate occupations - Sex : Total\ Sex - Unit : Persons;asian_chinese_sc3
Age : Age 16 and over - Ethnic group [E][S][W] : Asian/Asian British\ Chinese - NS-SeC (National Statistics Socio-economic Classification) : 4. Small employers and own account workers - Sex : Total\ Sex - Unit : Persons;asian_chinese_sc4
Age : Age 16 and over - Ethnic group [E][S][W] : Asian/Asian British\ Chinese - NS-SeC (National Statistics Socio-economic Classification) : 5. Lower supervisory and technical occupations - Sex : Total\ Sex - Unit : Persons;asian_chinese_sc5
Age : Age 16 and over - Ethnic group [E][S][W] : Asian/Asian British\ Chinese - NS-SeC (National Statistics Socio-economic Classification) : 6. Semi-routine occupations - Sex : Total\ Sex - Unit : Persons;asian_chinese_sc6
Age : Age 16 and over - Ethnic group [E][S][W] : Asian/Asian British\ Chinese - NS-SeC (National Statistics Socio-economic Classification) : 7. Routine occupations - Sex : Total\ Sex - Unit : Persons;asian_chinese_sc7
"Age : Age 16 and over - Ethnic group [E][S][W] : Asian/Asian British\ Other Asian - NS-SeC (National Statistics Socio-economic Classification) : 1. Higher managerial; administrative and professional occupations - Sex : Total\ Sex - Unit : Persons";asian_other_sc1
"Age : Age 16 and over - Ethnic group [E][S][W] : Asian/Asian British\ Other Asian - NS-SeC (National Statistics Socio-economic Classification) : 2. Lower managerial; administrative and professional occupations - Sex : Total\ Sex - Unit : Persons";asian_other_sc2
Age : Age 16 and over - Ethnic group [E][S][W] : Asian/Asian British\ Other Asian - NS-SeC (National Statistics Socio-economic Classification) : 3. Intermediate occupations - Sex : Total\ Sex - Unit : Persons;asian_other_sc3
Age : Age 16 and over - Ethnic group [E][S][W] : Asian/Asian British\ Other Asian - NS-SeC (National Statistics Socio-economic Classification) : 4. Small employers and own account workers - Sex : Total\ Sex - Unit : Persons;asian_other_sc4
Age : Age 16 and over - Ethnic group [E][S][W] : Asian/Asian British\ Other Asian - NS-SeC (National Statistics Socio-economic Classification) : 5. Lower supervisory and technical occupations - Sex : Total\ Sex - Unit : Persons;asian_other_sc5
Age : Age 16 and over - Ethnic group [E][S][W] : Asian/Asian British\ Other Asian - NS-SeC (National Statistics Socio-economic Classification) : 6. Semi-routine occupations - Sex : Total\ Sex - Unit : Persons;asian_other_sc6
Age : Age 16 and over - Ethnic group [E][S][W] : Asian/Asian British\ Other Asian - NS-SeC (National Statistics Socio-economic Classification) : 7. Routine occupations - Sex : Total\ Sex - Unit : Persons;asian_other_sc7
"Age : Age 16 and over - Ethnic group [E][S][W] : Black/African/Caribbean/Black British\ African - NS-SeC (National Statistics Socio-economic Classification) : 1. Higher managerial; administrative and professional occupations - Sex : Total\ Sex - Unit : Persons";black_african_sc1
"Age : Age 16 and over - Ethnic group [E][S][W] : Black/African/Caribbean/Black British\ African - NS-SeC (National Statistics Socio-economic Classification) : 2. Lower managerial; administrative and professional occupations - Sex : Total\ Sex - Unit : Persons";black_african_sc2
Age : Age 16 and over - Ethnic group [E][S][W] : Black/African/Caribbean/Black British\ African - NS-SeC (National Statistics Socio-economic Classification) : 3. Intermediate occupations - Sex : Total\ Sex - Unit : Persons;black_african_sc3
Age : Age 16 and over - Ethnic group [E][S][W] : Black/African/Caribbean/Black British\ African - NS-SeC (National Statistics Socio-economic Classification) : 4. Small employers and own account workers - Sex : Total\ Sex - Unit : Persons;black_african_sc4
Age : Age 16 and over - Ethnic group [E][S][W] : Black/African/Caribbean/Black British\ African - NS-SeC (National Statistics Socio-economic Classification) : 5. Lower supervisory and technical occupations - Sex : Total\ Sex - Unit : Persons;black_african_sc5
Age : Age 16 and over - Ethnic group [E][S][W] : Black/African/Caribbean/Black British\ African - NS-SeC (National Statistics Socio-economic Classification) : 6. Semi-routine occupations - Sex : Total\ Sex - Unit : Persons;black_african_sc6
Age : Age 16 and over - Ethnic group [E][S][W] : Black/African/Caribbean/Black British\ African - NS-SeC (National Statistics Socio-economic Classification) : 7. Routine occupations - Sex : Total\ Sex - Unit : Persons;black_african_sc7
"Age : Age 16 and over - Ethnic group [E][S][W] : Black/African/Caribbean/Black British\ Caribbean - NS-SeC (National Statistics Socio-economic Classification) : 1. Higher managerial; administrative and professional occupations - Sex : Total\ Sex - Unit : Persons";black_carribean_sc1
"Age : Age 16 and over - Ethnic group [E][S][W] : Black/African/Caribbean/Black British\ Caribbean - NS-SeC (National Statistics Socio-economic Classification) : 2. Lower managerial; administrative and professional occupations - Sex : Total\ Sex - Unit : Persons";black_carribean_sc2
Age : Age 16 and over - Ethnic group [E][S][W] : Black/African/Caribbean/Black British\ Caribbean - NS-SeC (National Statistics Socio-economic Classification) : 3. Intermediate occupations - Sex : Total\ Sex - Unit : Persons;black_carribean_sc3
Age : Age 16 and over - Ethnic group [E][S][W] : Black/African/Caribbean/Black British\ Caribbean - NS-SeC (National Statistics Socio-economic Classification) : 4. Small employers and own account workers - Sex : Total\ Sex - Unit : Persons;black_carribean_sc4
Age : Age 16 and over - Ethnic group [E][S][W] : Black/African/Caribbean/Black British\ Caribbean - NS-SeC (National Statistics Socio-economic Classification) : 5. Lower supervisory and technical occupations - Sex : Total\ Sex - Unit : Persons;black_carribean_sc5
Age : Age 16 and over - Ethnic group [E][S][W] : Black/African/Caribbean/Black British\ Caribbean - NS-SeC (National Statistics Socio-economic Classification) : 6. Semi-routine occupations - Sex : Total\ Sex - Unit : Persons;black_carribean_sc6
Age : Age 16 and over - Ethnic group [E][S][W] : Black/African/Caribbean/Black British\ Caribbean - NS-SeC (National Statistics Socio-economic Classification) : 7. Routine occupations - Sex : Total\ Sex - Unit : Persons;black_carribean_sc7
"Age : Age 16 and over - Ethnic group [E][S][W] : Black/African/Caribbean/Black British\ Other Black - NS-SeC (National Statistics Socio-economic Classification) : 1. Higher managerial; administrative and professional occupations - Sex : Total\ Sex - Unit : Persons";black_other_sc1
"Age : Age 16 and over - Ethnic group [E][S][W] : Black/African/Caribbean/Black British\ Other Black - NS-SeC (National Statistics Socio-economic Classification) : 2. Lower managerial; administrative and professional occupations - Sex : Total\ Sex - Unit : Persons";black_other_sc2
Age : Age 16 and over - Ethnic group [E][S][W] : Black/African/Caribbean/Black British\ Other Black - NS-SeC (National Statistics Socio-economic Classification) : 3. Intermediate occupations - Sex : Total\ Sex - Unit : Persons;black_other_sc3
Age : Age 16 and over - Ethnic group [E][S][W] : Black/African/Caribbean/Black British\ Other Black - NS-SeC (National Statistics Socio-economic Classification) : 4. Small employers and own account workers - Sex : Total\ Sex - Unit : Persons;black_other_sc4
Age : Age 16 and over - Ethnic group [E][S][W] : Black/African/Caribbean/Black British\ Other Black - NS-SeC (National Statistics Socio-economic Classification) : 5. Lower supervisory and technical occupations - Sex : Total\ Sex - Unit : Persons;black_other_sc5
Age : Age 16 and over - Ethnic group [E][S][W] : Black/African/Caribbean/Black British\ Other Black - NS-SeC (National Statistics Socio-economic Classification) : 6. Semi-routine occupations - Sex : Total\ Sex - Unit : Persons;black_other_sc6
Age : Age 16 and over - Ethnic group [E][S][W] : Black/African/Caribbean/Black British\ Other Black - NS-SeC (National Statistics Socio-economic Classification) : 7. Routine occupations - Sex : Total\ Sex - Unit : Persons;black_other_sc7
