CDU_ID,GEO_CODE,GEO_LABEL,GEO_TYPE,GEO_TYP2,F89716,F89717,F89718,F89719,F89720,F89721,F89722,F89723,F89724,F89725,F89726,F89727,F89728,F89729,F89730,F89767,F89768,F89769,F89770,F89771,F89772,F89773,F89774,F89775,F89776,F89777,F89778,F89779,F89780,F89781,F89784,F89785,F89786,F89787,F89788,F89789,F89790,F89791,F89792,F89793,F89794,F89795,F89796,F89797,F89798,F89801,F89802,F89803,F89804,F89805,F89806,F89807,F89808,F89809,F89810,F89811,F89812,F89813,F89814,F89815,F89818,F89819,F89820,F89821,F89822,F89823,F89824,F89825,F89826,F89827,F89828,F89829,F89830,F89831,F89832,F89835,F89836,F89837,F89838,F89839,F89840,F89841,F89842,F89843,F89844,F89845,F89846,F89847,F89848,F89849,F89852,F89853,F89854,F89855,F89856,F89857,F89858,F89859,F89860,F89861,F89862,F89863,F89864,F89865,F89866,
,,,,,Ethnic group (England and Wales) : White \ British - Socio-economic Classification (NS-SeC) : Class1 (Higher managerial and professional occupations) - Unit : People,Ethnic group (England and Wales) : White \ Irish - Socio-economic Classification (NS-SeC) : Class1 (Higher managerial and professional occupations) - Unit : People,Ethnic group (England and Wales) : White \ Other White - Socio-economic Classification (NS-SeC) : Class1 (Higher managerial and professional occupations) - Unit : People,Ethnic group (England and Wales) : Mixed \ White and Black Caribbean - Socio-economic Classification (NS-SeC) : Class1 (Higher managerial and professional occupations) - Unit : People,Ethnic group (England and Wales) : Mixed \ White and Black African - Socio-economic Classification (NS-SeC) : Class1 (Higher managerial and professional occupations) - Unit : People,Ethnic group (England and Wales) : Mixed \ White and Asian - Socio-economic Classification (NS-SeC) : Class1 (Higher managerial and professional occupations) - Unit : People,Ethnic group (England and Wales) : Mixed \ Other Mixed - Socio-economic Classification (NS-SeC) : Class1 (Higher managerial and professional occupations) - Unit : People,Ethnic group (England and Wales) : Asian or Asian British \ Indian - Socio-economic Classification (NS-SeC) : Class1 (Higher managerial and professional occupations) - Unit : People,Ethnic group (England and Wales) : Asian or Asian British \ Pakistani - Socio-economic Classification (NS-SeC) : Class1 (Higher managerial and professional occupations) - Unit : People,Ethnic group (England and Wales) : Asian or Asian British \ Bangladeshi - Socio-economic Classification (NS-SeC) : Class1 (Higher managerial and professional occupations) - Unit : People,Ethnic group (England and Wales) : Asian or Asian British \ Other Asian - Socio-economic Classification (NS-SeC) : Class1 (Higher managerial and professional occupations) - Unit : People,Ethnic group (England and Wales) : Black or Black British \ Caribbean - Socio-economic Classification (NS-SeC) : Class1 (Higher managerial and professional occupations) - Unit : People,Ethnic group (England and Wales) : Black or Black British \ African - Socio-economic Classification (NS-SeC) : Class1 (Higher managerial and professional occupations) - Unit : People,Ethnic group (England and Wales) : Black or Black British \ Other Black - Socio-economic Classification (NS-SeC) : Class1 (Higher managerial and professional occupations) - Unit : People,Ethnic group (England and Wales) : Chinese or Other Ethnic Group \ Chinese - Socio-economic Classification (NS-SeC) : Class1 (Higher managerial and professional occupations) - Unit : People,Ethnic group (England and Wales) : White \ British - Socio-economic Classification (NS-SeC) : Class 2 (Lower managerial and professional occupations) - Unit : People,Ethnic group (England and Wales) : White \ Irish - Socio-economic Classification (NS-SeC) : Class 2 (Lower managerial and professional occupations) - Unit : People,Ethnic group (England and Wales) : White \ Other White - Socio-economic Classification (NS-SeC) : Class 2 (Lower managerial and professional occupations) - Unit : People,Ethnic group (England and Wales) : Mixed \ White and Black Caribbean - Socio-economic Classification (NS-SeC) : Class 2 (Lower managerial and professional occupations) - Unit : People,Ethnic group (England and Wales) : Mixed \ White and Black African - Socio-economic Classification (NS-SeC) : Class 2 (Lower managerial and professional occupations) - Unit : People,Ethnic group (England and Wales) : Mixed \ White and Asian - Socio-economic Classification (NS-SeC) : Class 2 (Lower managerial and professional occupations) - Unit : People,Ethnic group (England and Wales) : Mixed \ Other Mixed - Socio-economic Classification (NS-SeC) : Class 2 (Lower managerial and professional occupations) - Unit : People,Ethnic group (England and Wales) : Asian or Asian British \ Indian - Socio-economic Classification (NS-SeC) : Class 2 (Lower managerial and professional occupations) - Unit : People,Ethnic group (England and Wales) : Asian or Asian British \ Pakistani - Socio-economic Classification (NS-SeC) : Class 2 (Lower managerial and professional occupations) - Unit : People,Ethnic group (England and Wales) : Asian or Asian British \ Bangladeshi - Socio-economic Classification (NS-SeC) : Class 2 (Lower managerial and professional occupations) - Unit : People,Ethnic group (England and Wales) : Asian or Asian British \ Other Asian - Socio-economic Classification (NS-SeC) : Class 2 (Lower managerial and professional occupations) - Unit : People,Ethnic group (England and Wales) : Black or Black British \ Caribbean - Socio-economic Classification (NS-SeC) : Class 2 (Lower managerial and professional occupations) - Unit : People,Ethnic group (England and Wales) : Black or Black British \ African - Socio-economic Classification (NS-SeC) : Class 2 (Lower managerial and professional occupations) - Unit : People,Ethnic group (England and Wales) : Black or Black British \ Other Black - Socio-economic Classification (NS-SeC) : Class 2 (Lower managerial and professional occupations) - Unit : People,Ethnic group (England and Wales) : Chinese or Other Ethnic Group \ Chinese - Socio-economic Classification (NS-SeC) : Class 2 (Lower managerial and professional occupations) - Unit : People,Ethnic group (England and Wales) : White \ British - Socio-economic Classification (NS-SeC) : Class 3 (Intermediate occupations) - Unit : People,Ethnic group (England and Wales) : White \ Irish - Socio-economic Classification (NS-SeC) : Class 3 (Intermediate occupations) - Unit : People,Ethnic group (England and Wales) : White \ Other White - Socio-economic Classification (NS-SeC) : Class 3 (Intermediate occupations) - Unit : People,Ethnic group (England and Wales) : Mixed \ White and Black Caribbean - Socio-economic Classification (NS-SeC) : Class 3 (Intermediate occupations) - Unit : People,Ethnic group (England and Wales) : Mixed \ White and Black African - Socio-economic Classification (NS-SeC) : Class 3 (Intermediate occupations) - Unit : People,Ethnic group (England and Wales) : Mixed \ White and Asian - Socio-economic Classification (NS-SeC) : Class 3 (Intermediate occupations) - Unit : People,Ethnic group (England and Wales) : Mixed \ Other Mixed - Socio-economic Classification (NS-SeC) : Class 3 (Intermediate occupations) - Unit : People,Ethnic group (England and Wales) : Asian or Asian British \ Indian - Socio-economic Classification (NS-SeC) : Class 3 (Intermediate occupations) - Unit : People,Ethnic group (England and Wales) : Asian or Asian British \ Pakistani - Socio-economic Classification (NS-SeC) : Class 3 (Intermediate occupations) - Unit : People,Ethnic group (England and Wales) : Asian or Asian British \ Bangladeshi - Socio-economic Classification (NS-SeC) : Class 3 (Intermediate occupations) - Unit : People,Ethnic group (England and Wales) : Asian or Asian British \ Other Asian - Socio-economic Classification (NS-SeC) : Class 3 (Intermediate occupations) - Unit : People,Ethnic group (England and Wales) : Black or Black British \ Caribbean - Socio-economic Classification (NS-SeC) : Class 3 (Intermediate occupations) - Unit : People,Ethnic group (England and Wales) : Black or Black British \ African - Socio-economic Classification (NS-SeC) : Class 3 (Intermediate occupations) - Unit : People,Ethnic group (England and Wales) : Black or Black British \ Other Black - Socio-economic Classification (NS-SeC) : Class 3 (Intermediate occupations) - Unit : People,Ethnic group (England and Wales) : Chinese or Other Ethnic Group \ Chinese - Socio-economic Classification (NS-SeC) : Class 3 (Intermediate occupations) - Unit : People,Ethnic group (England and Wales) : White \ British - Socio-economic Classification (NS-SeC) : Class 4 (Small employers and own account workers) - Unit : People,Ethnic group (England and Wales) : White \ Irish - Socio-economic Classification (NS-SeC) : Class 4 (Small employers and own account workers) - Unit : People,Ethnic group (England and Wales) : White \ Other White - Socio-economic Classification (NS-SeC) : Class 4 (Small employers and own account workers) - Unit : People,Ethnic group (England and Wales) : Mixed \ White and Black Caribbean - Socio-economic Classification (NS-SeC) : Class 4 (Small employers and own account workers) - Unit : People,Ethnic group (England and Wales) : Mixed \ White and Black African - Socio-economic Classification (NS-SeC) : Class 4 (Small employers and own account workers) - Unit : People,Ethnic group (England and Wales) : Mixed \ White and Asian - Socio-economic Classification (NS-SeC) : Class 4 (Small employers and own account workers) - Unit : People,Ethnic group (England and Wales) : Mixed \ Other Mixed - Socio-economic Classification (NS-SeC) : Class 4 (Small employers and own account workers) - Unit : People,Ethnic group (England and Wales) : Asian or Asian British \ Indian - Socio-economic Classification (NS-SeC) : Class 4 (Small employers and own account workers) - Unit : People,Ethnic group (England and Wales) : Asian or Asian British \ Pakistani - Socio-economic Classification (NS-SeC) : Class 4 (Small employers and own account workers) - Unit : People,Ethnic group (England and Wales) : Asian or Asian British \ Bangladeshi - Socio-economic Classification (NS-SeC) : Class 4 (Small employers and own account workers) - Unit : People,Ethnic group (England and Wales) : Asian or Asian British \ Other Asian - Socio-economic Classification (NS-SeC) : Class 4 (Small employers and own account workers) - Unit : People,Ethnic group (England and Wales) : Black or Black British \ Caribbean - Socio-economic Classification (NS-SeC) : Class 4 (Small employers and own account workers) - Unit : People,Ethnic group (England and Wales) : Black or Black British \ African - Socio-economic Classification (NS-SeC) : Class 4 (Small employers and own account workers) - Unit : People,Ethnic group (England and Wales) : Black or Black British \ Other Black - Socio-economic Classification (NS-SeC) : Class 4 (Small employers and own account workers) - Unit : People,Ethnic group (England and Wales) : Chinese or Other Ethnic Group \ Chinese - Socio-economic Classification (NS-SeC) : Class 4 (Small employers and own account workers) - Unit : People,Ethnic group (England and Wales) : White \ British - Socio-economic Classification (NS-SeC) : Class 5 (Lower supervisory and technical occupations) - Unit : People,Ethnic group (England and Wales) : White \ Irish - Socio-economic Classification (NS-SeC) : Class 5 (Lower supervisory and technical occupations) - Unit : People,Ethnic group (England and Wales) : White \ Other White - Socio-economic Classification (NS-SeC) : Class 5 (Lower supervisory and technical occupations) - Unit : People,Ethnic group (England and Wales) : Mixed \ White and Black Caribbean - Socio-economic Classification (NS-SeC) : Class 5 (Lower supervisory and technical occupations) - Unit : People,Ethnic group (England and Wales) : Mixed \ White and Black African - Socio-economic Classification (NS-SeC) : Class 5 (Lower supervisory and technical occupations) - Unit : People,Ethnic group (England and Wales) : Mixed \ White and Asian - Socio-economic Classification (NS-SeC) : Class 5 (Lower supervisory and technical occupations) - Unit : People,Ethnic group (England and Wales) : Mixed \ Other Mixed - Socio-economic Classification (NS-SeC) : Class 5 (Lower supervisory and technical occupations) - Unit : People,Ethnic group (England and Wales) : Asian or Asian British \ Indian - Socio-economic Classification (NS-SeC) : Class 5 (Lower supervisory and technical occupations) - Unit : People,Ethnic group (England and Wales) : Asian or Asian British \ Pakistani - Socio-economic Classification (NS-SeC) : Class 5 (Lower supervisory and technical occupations) - Unit : People,Ethnic group (England and Wales) : Asian or Asian British \ Bangladeshi - Socio-economic Classification (NS-SeC) : Class 5 (Lower supervisory and technical occupations) - Unit : People,Ethnic group (England and Wales) : Asian or Asian British \ Other Asian - Socio-economic Classification (NS-SeC) : Class 5 (Lower supervisory and technical occupations) - Unit : People,Ethnic group (England and Wales) : Black or Black British \ Caribbean - Socio-economic Classification (NS-SeC) : Class 5 (Lower supervisory and technical occupations) - Unit : People,Ethnic group (England and Wales) : Black or Black British \ African - Socio-economic Classification (NS-SeC) : Class 5 (Lower supervisory and technical occupations) - Unit : People,Ethnic group (England and Wales) : Black or Black British \ Other Black - Socio-economic Classification (NS-SeC) : Class 5 (Lower supervisory and technical occupations) - Unit : People,Ethnic group (England and Wales) : Chinese or Other Ethnic Group \ Chinese - Socio-economic Classification (NS-SeC) : Class 5 (Lower supervisory and technical occupations) - Unit : People,Ethnic group (England and Wales) : White \ British - Socio-economic Classification (NS-SeC) : Class 6 (Semi-routine occupations) - Unit : People,Ethnic group (England and Wales) : White \ Irish - Socio-economic Classification (NS-SeC) : Class 6 (Semi-routine occupations) - Unit : People,Ethnic group (England and Wales) : White \ Other White - Socio-economic Classification (NS-SeC) : Class 6 (Semi-routine occupations) - Unit : People,Ethnic group (England and Wales) : Mixed \ White and Black Caribbean - Socio-economic Classification (NS-SeC) : Class 6 (Semi-routine occupations) - Unit : People,Ethnic group (England and Wales) : Mixed \ White and Black African - Socio-economic Classification (NS-SeC) : Class 6 (Semi-routine occupations) - Unit : People,Ethnic group (England and Wales) : Mixed \ White and Asian - Socio-economic Classification (NS-SeC) : Class 6 (Semi-routine occupations) - Unit : People,Ethnic group (England and Wales) : Mixed \ Other Mixed - Socio-economic Classification (NS-SeC) : Class 6 (Semi-routine occupations) - Unit : People,Ethnic group (England and Wales) : Asian or Asian British \ Indian - Socio-economic Classification (NS-SeC) : Class 6 (Semi-routine occupations) - Unit : People,Ethnic group (England and Wales) : Asian or Asian British \ Pakistani - Socio-economic Classification (NS-SeC) : Class 6 (Semi-routine occupations) - Unit : People,Ethnic group (England and Wales) : Asian or Asian British \ Bangladeshi - Socio-economic Classification (NS-SeC) : Class 6 (Semi-routine occupations) - Unit : People,Ethnic group (England and Wales) : Asian or Asian British \ Other Asian - Socio-economic Classification (NS-SeC) : Class 6 (Semi-routine occupations) - Unit : People,Ethnic group (England and Wales) : Black or Black British \ Caribbean - Socio-economic Classification (NS-SeC) : Class 6 (Semi-routine occupations) - Unit : People,Ethnic group (England and Wales) : Black or Black British \ African - Socio-economic Classification (NS-SeC) : Class 6 (Semi-routine occupations) - Unit : People,Ethnic group (England and Wales) : Black or Black British \ Other Black - Socio-economic Classification (NS-SeC) : Class 6 (Semi-routine occupations) - Unit : People,Ethnic group (England and Wales) : Chinese or Other Ethnic Group \ Chinese - Socio-economic Classification (NS-SeC) : Class 6 (Semi-routine occupations) - Unit : People,Ethnic group (England and Wales) : White \ British - Socio-economic Classification (NS-SeC) : Class 7 (Routine occupations) - Unit : People,Ethnic group (England and Wales) : White \ Irish - Socio-economic Classification (NS-SeC) : Class 7 (Routine occupations) - Unit : People,Ethnic group (England and Wales) : White \ Other White - Socio-economic Classification (NS-SeC) : Class 7 (Routine occupations) - Unit : People,Ethnic group (England and Wales) : Mixed \ White and Black Caribbean - Socio-economic Classification (NS-SeC) : Class 7 (Routine occupations) - Unit : People,Ethnic group (England and Wales) : Mixed \ White and Black African - Socio-economic Classification (NS-SeC) : Class 7 (Routine occupations) - Unit : People,Ethnic group (England and Wales) : Mixed \ White and Asian - Socio-economic Classification (NS-SeC) : Class 7 (Routine occupations) - Unit : People,Ethnic group (England and Wales) : Mixed \ Other Mixed - Socio-economic Classification (NS-SeC) : Class 7 (Routine occupations) - Unit : People,Ethnic group (England and Wales) : Asian or Asian British \ Indian - Socio-economic Classification (NS-SeC) : Class 7 (Routine occupations) - Unit : People,Ethnic group (England and Wales) : Asian or Asian British \ Pakistani - Socio-economic Classification (NS-SeC) : Class 7 (Routine occupations) - Unit : People,Ethnic group (England and Wales) : Asian or Asian British \ Bangladeshi - Socio-economic Classification (NS-SeC) : Class 7 (Routine occupations) - Unit : People,Ethnic group (England and Wales) : Asian or Asian British \ Other Asian - Socio-economic Classification (NS-SeC) : Class 7 (Routine occupations) - Unit : People,Ethnic group (England and Wales) : Black or Black British \ Caribbean - Socio-economic Classification (NS-SeC) : Class 7 (Routine occupations) - Unit : People,Ethnic group (England and Wales) : Black or Black British \ African - Socio-economic Classification (NS-SeC) : Class 7 (Routine occupations) - Unit : People,Ethnic group (England and Wales) : Black or Black British \ Other Black - Socio-economic Classification (NS-SeC) : Class 7 (Routine occupations) - Unit : People,Ethnic group (England and Wales) : Chinese or Other Ethnic Group \ Chinese - Socio-economic Classification (NS-SeC) : Class 7 (Routine occupations) - Unit : People,
20505,00BKGA,00BKGA : Abbey Road,Standard Table (ST) wards,SWARD,840,36,499,3,6,15,8,105,22,0,14,6,23,0,64,1003,52,468,3,6,14,22,89,16,4,21,21,28,3,50,296,11,120,0,0,3,4,21,3,0,11,10,8,3,19,277,5,93,3,0,0,0,23,3,3,3,0,9,0,6,93,8,37,0,0,0,0,3,0,0,0,5,0,0,7,141,10,53,0,3,3,3,20,4,12,6,13,13,3,4,70,5,39,0,0,3,3,9,3,3,3,9,7,3,0,
20506,00BKGB,00BKGB : Bayswater,Standard Table (ST) wards,SWARD,811,47,449,0,0,13,15,67,12,3,14,15,29,3,32,1120,55,467,6,10,22,13,72,13,3,15,35,30,3,40,208,12,96,3,0,8,7,13,6,0,9,22,14,4,7,294,18,98,3,3,6,6,9,3,19,7,8,8,3,5,67,6,48,0,0,0,0,0,3,11,3,9,10,0,5,129,15,96,3,0,6,0,8,3,12,4,9,15,0,7,91,5,69,0,0,3,3,5,0,4,3,7,7,5,4,
20507,00BKGC,00BKGC : Bryanston and Dorset Square,Standard Table (ST) wards,SWARD,961,37,586,6,9,16,15,125,41,3,18,7,45,6,54,1215,62,617,4,14,21,15,107,29,6,30,35,34,10,40,267,18,189,0,8,11,3,15,8,4,8,16,8,0,17,318,20,108,3,3,3,8,27,15,5,22,3,15,0,10,107,5,61,0,0,3,0,0,0,12,6,8,6,0,3,161,13,118,5,0,7,6,14,3,18,14,8,21,3,5,67,17,67,0,0,3,3,3,0,5,7,7,6,3,0,
20508,00BKGD,00BKGD : Churchill,Standard Table (ST) wards,SWARD,426,20,121,6,0,5,6,17,3,8,4,3,11,3,9,810,43,171,3,7,11,13,11,4,13,9,35,23,4,11,456,25,68,4,0,5,5,12,3,13,6,11,16,4,6,206,13,48,3,3,0,4,6,9,7,6,7,10,0,7,169,14,58,3,0,3,3,0,3,13,3,11,11,0,0,348,24,124,4,7,4,7,5,4,30,11,22,32,4,5,181,16,103,3,6,0,5,4,3,19,4,10,12,3,8,
20509,00BKGE,00BKGE : Church Street,Standard Table (ST) wards,SWARD,183,9,84,0,3,5,3,25,5,10,12,11,16,3,17,387,38,146,8,5,4,5,33,11,22,13,33,31,8,18,163,5,59,4,3,3,4,14,3,25,3,14,21,3,8,113,15,55,0,3,5,4,6,3,21,3,0,6,0,4,98,16,36,0,3,3,0,6,3,22,5,12,10,3,8,203,27,68,3,3,3,7,14,3,76,5,26,20,4,19,127,11,61,3,3,3,0,4,0,31,10,13,19,4,4,
20510,00BKGF,00BKGF : Harrow Road,Standard Table (ST) wards,SWARD,473,28,147,4,0,6,11,21,9,3,12,32,30,3,12,828,69,218,14,12,16,16,25,3,12,8,102,58,11,12,240,21,88,4,6,6,7,6,4,11,3,88,32,9,5,222,27,80,0,0,5,0,19,3,5,9,25,17,0,5,107,14,41,6,0,6,0,5,4,9,6,40,7,4,3,157,33,75,5,7,6,4,5,8,28,5,109,49,13,5,117,28,74,5,3,3,3,3,3,17,3,68,24,7,3,
20511,00BKGG,00BKGG : Hyde Park,Standard Table (ST) wards,SWARD,790,46,587,0,4,22,20,124,33,5,37,12,33,3,43,933,37,609,4,9,20,24,85,23,5,34,36,44,6,48,206,12,155,4,3,7,4,27,7,3,11,8,17,5,10,264,14,131,0,3,4,6,16,16,3,20,5,16,3,11,108,14,64,3,3,3,3,8,0,6,8,5,6,0,5,112,17,136,0,6,9,8,16,7,20,21,14,23,6,10,84,8,74,3,3,8,0,4,0,4,12,10,5,0,0,
20512,00BKGH,00BKGH : Knightsbridge and Belgravia,Standard Table (ST) wards,SWARD,669,41,472,3,0,10,9,18,6,0,21,7,19,0,31,926,57,496,3,0,15,9,38,0,5,23,21,19,3,18,305,15,80,3,3,0,0,8,0,3,5,12,6,3,7,310,16,125,0,3,7,3,8,8,0,5,7,5,0,0,103,11,38,0,0,3,0,4,0,4,0,9,6,0,0,156,20,91,0,0,4,7,17,0,8,10,15,22,5,0,73,3,66,3,0,0,4,8,0,4,4,13,6,0,0,
20513,00BKGJ,00BKGJ : Lancaster Gate,Standard Table (ST) wards,SWARD,1040,79,808,6,9,22,28,94,33,9,22,13,17,3,93,1098,65,770,8,8,28,33,75,28,7,33,34,71,3,70,273,16,244,4,4,5,10,27,7,7,10,21,34,3,21,282,6,129,4,4,6,7,22,6,5,13,14,9,0,12,123,11,124,3,3,5,3,3,6,3,5,6,25,3,4,192,10,151,0,4,9,13,20,7,19,13,25,15,3,23,107,8,142,3,3,0,7,0,0,7,7,20,18,3,17,
20514,00BKGK,00BKGK : Little Venice,Standard Table (ST) wards,SWARD,739,45,435,5,3,17,21,55,16,3,17,8,21,0,42,1038,53,398,6,4,22,11,37,17,7,15,10,28,5,22,279,23,94,4,6,0,0,9,8,3,6,6,15,0,7,305,13,107,0,3,4,3,10,3,8,6,3,10,0,0,96,9,26,4,3,0,7,4,3,5,0,5,7,3,3,132,19,64,5,0,6,8,9,3,10,9,14,8,3,7,74,8,47,5,0,3,3,6,0,5,3,8,5,0,3,
20515,00BKGL,00BKGL : Maida Vale,Standard Table (ST) wards,SWARD,961,59,405,8,7,19,16,69,21,6,15,11,27,0,34,1209,97,414,7,8,15,16,25,17,13,26,35,40,11,28,321,22,104,3,6,5,6,20,0,0,5,24,23,4,11,300,17,82,0,0,5,7,9,0,3,8,10,17,0,3,133,13,50,0,4,0,0,5,0,3,3,12,12,4,3,236,34,68,0,0,4,7,15,0,7,6,46,30,12,3,127,19,63,5,3,3,5,4,0,10,5,20,6,4,3,
20516,00BKGM,00BKGM : Marylebone High Street,Standard Table (ST) wards,SWARD,947,39,519,3,17,19,15,62,13,3,26,9,23,3,56,1205,66,578,3,9,20,17,102,9,9,23,11,36,5,40,229,16,125,0,3,3,3,18,0,0,3,12,10,4,10,299,13,84,0,0,0,10,20,5,0,4,6,10,0,3,58,9,48,0,3,3,0,5,0,7,3,3,6,0,0,162,10,79,3,0,3,8,16,0,13,3,7,11,0,10,68,11,66,0,0,3,6,5,3,3,6,3,6,0,3,
20517,00BKGN,00BKGN : Queen's Park,Standard Table (ST) wards,SWARD,305,30,80,3,0,6,7,19,3,3,6,35,26,8,7,645,62,162,10,5,8,10,19,9,20,8,134,56,27,7,179,28,55,14,5,3,6,6,3,8,8,83,43,9,3,191,22,44,5,0,5,3,5,3,13,9,16,15,7,3,134,20,43,7,5,4,3,4,3,22,3,55,18,10,4,257,46,86,20,11,8,5,6,4,55,10,152,51,28,7,162,41,93,8,6,8,8,4,6,23,3,110,27,16,0,
20518,00BKGP,00BKGP : Regent's Park,Standard Table (ST) wards,SWARD,665,44,505,3,5,29,13,149,39,8,43,8,35,3,64,887,61,546,8,7,19,17,130,33,18,48,33,37,5,39,232,12,122,0,3,4,5,27,6,8,16,5,22,0,8,278,9,90,0,5,5,4,46,8,3,13,0,7,0,5,119,10,39,5,3,0,3,3,3,10,7,9,12,3,3,187,20,75,3,0,5,3,22,4,25,8,22,16,3,9,90,8,55,0,4,5,0,11,3,11,6,11,13,3,0,
20519,00BKGQ,00BKGQ : St James's,Standard Table (ST) wards,SWARD,717,45,304,0,0,8,14,46,5,3,6,13,12,0,48,1158,82,361,5,0,12,12,45,4,10,9,25,26,7,33,442,16,94,3,3,0,3,0,3,4,6,16,15,0,6,250,10,64,0,0,3,7,5,3,4,3,3,10,0,11,253,11,48,3,0,3,3,3,0,4,0,0,9,0,13,283,28,96,3,3,5,4,5,3,28,6,17,23,5,23,181,11,87,0,3,0,10,0,0,11,0,0,17,3,12,
20520,00BKGR,00BKGR : Tachbrook,Standard Table (ST) wards,SWARD,960,52,310,5,0,18,7,31,11,0,8,6,9,6,16,1302,53,398,6,5,14,14,31,8,3,7,23,22,6,20,412,25,119,0,0,3,3,3,0,3,3,7,12,3,5,299,9,45,3,0,0,0,7,0,3,3,0,3,0,0,162,6,34,0,0,0,3,3,0,5,0,3,8,0,3,213,40,69,4,3,4,3,3,4,13,3,15,11,4,3,116,15,64,6,3,3,3,3,0,4,3,11,8,3,0,
20521,00BKGS,00BKGS : Vincent Square,Standard Table (ST) wards,SWARD,683,29,293,3,5,9,7,44,5,6,4,8,15,3,27,1013,62,346,6,3,9,4,43,4,11,16,19,19,4,39,329,19,91,3,0,4,6,12,0,6,8,13,27,4,7,169,12,49,0,3,3,5,10,4,5,3,9,10,0,3,143,11,49,3,3,3,4,3,3,8,0,9,16,0,0,271,20,90,4,5,5,4,8,9,25,7,8,38,5,11,142,11,79,0,0,3,3,4,3,14,3,7,10,3,5,
20522,00BKGT,00BKGT : Warwick,Standard Table (ST) wards,SWARD,1131,47,350,0,3,10,13,39,9,3,12,8,21,3,25,1263,53,401,5,7,11,11,41,11,3,12,16,19,8,11,336,20,98,3,3,9,3,10,3,0,5,18,8,0,7,274,9,80,0,3,3,3,18,12,0,5,10,10,0,7,122,3,46,0,0,0,3,7,3,7,0,3,5,3,3,191,11,66,3,3,0,6,5,0,4,3,20,12,0,3,144,14,67,3,0,3,3,3,3,8,3,11,8,3,0,
20523,00BKGU,00BKGU : Westbourne,Standard Table (ST) wards,SWARD,430,23,192,7,8,7,12,48,6,11,14,15,28,4,10,802,77,309,9,13,14,17,41,12,28,16,70,71,13,18,238,15,96,11,5,3,3,13,8,19,3,62,30,5,10,207,18,62,7,11,4,3,10,3,23,6,14,26,0,3,109,12,51,6,5,5,3,6,0,18,4,36,27,8,3,253,25,111,17,4,8,8,9,5,63,10,81,51,14,11,162,38,99,8,5,3,5,4,5,20,11,44,32,3,8,
20524,00BKGW,00BKGW : West End,Standard Table (ST) wards,SWARD,611,28,346,6,3,12,4,40,11,3,10,9,7,3,37,1044,52,420,5,5,25,11,47,3,4,7,16,19,8,47,183,8,68,3,3,7,0,6,5,5,7,4,12,0,17,289,17,101,0,0,3,3,21,4,3,0,3,10,0,21,115,12,63,0,0,0,3,8,0,4,0,3,5,0,10,180,19,77,4,0,0,4,20,5,19,3,9,8,3,21,91,5,75,0,0,0,0,10,0,11,0,3,10,4,18,
